{"best_mean_val": -4.605132345110178, "valid_rewards": [-2000.0000000108819]}