{"best_mean_val": 2615402.93359375, "valid_rewards": [-2000.0000000086616]}