{"best_mean_val": 16846.84848022461, "valid_rewards": [230842.00000000233]}